{
  "SINGLE": {
    "NORTH_SOUTH": {
      "STONE": {
        "inner": [
          ["x1", 0.5, "x1", 1],
          ["x1", 1, "x1", 1.59375],
          ["x2", 1.59375, "x2", 1],
          ["x2", 1, "x2", 0.5]
        ],
        "outer": []
      },
      "WOOD": {
        "inner": [
          ["x1", 0.5, "x1", 1],
          ["x1", 1, "x1", 1.59375],
          ["x2", 1.59375, "x2", 1],
          ["x2", 1, "x2", 0.5]
        ],
        "outer": []
      },
      "METAL": {
        "inner": [
          ["x1", 0.5, "x1", 1],
          ["x1", 1, "x1", 1.59375],
          ["x2", 1.59375, "x2", 1],
          ["x2", 1, "x2", 0.5]
        ],
        "outer": []
      }
    },
    "EAST_WEST": {
      "STONE": {
        "inner": [
          [0.03125, 0.890625, 0.96875, 0.890625],
          [0.96875, 0.890625, 0.03125, 0.890625]
        ],
        "outer": []
      },
      "WOOD": {
        "inner": [
          [0.03125, 0.890625, 0.96875, 0.890625],
          [0.96875, 0.890625, 0.03125, 0.890625]
        ],
        "outer": []
      },
      "METAL": {
        "inner": [
          [0.09375, "y2", 0.90625, "y2"],
          [0.90625, "y2", 0.09375, "y2"]
        ],
        "outer": []
      }
    }
  }
}