{
  "SINGLE": {
    "NORTH_SOUTH": {
      "inner": [
        [0.5, 0.40625, 0.5, 0.78125],
        [0.5, 0.78125, 0.5, 0.40625]
      ],
      "outer": []
    },
    "EAST_WEST": {
      "inner": [
        [0, 0.890625, 1, 0.890625],
        [1, 0.890625, 0, 0.890625]
      ],
      "outer": [
        [0, 0.890625, 1, 0.890625],
        [1, 0.890625, 0, 0.890625]
      ]
    }
  }
}