{
  "LEFT": {
    "WOOD": {
      "inner": [
        [0, "y2", 0.03125, "y2"],
        [0.03125, "y2", 0.03125, 0.890625],
        [0.03125, 0.890625, 0.03125, "y1"],
        [0.03125, "y1", 0, "y1"]
      ],
      "outer": [
      ]
    },
    "STONE": {
      "inner": [
        [0, "y2", 0.03125, "y2"],
        [0.03125, "y2", 0.03125, 0.890625],
        [0.03125, 0.890625, 0.03125, "y1"],
        [0.03125, "y1", 0, "y1"]
      ],
      "outer": [
      ]
    },
    "METAL": {
      "inner": [
        [0, "y2", 0.09375, "y2"],
        [0.09375, "y2", 0.09375, "y1"],
        [0.09375, "y1", 0, "y1"]
      ],
      "outer": [
      ]
    }
  },
  "RIGHT": {
    "WOOD": {
      "inner": [
        [1, "y1", 0.96875, "y1"],
        [0.96875, "y1", 0.96875, "y2"],
        [0.96875, "y2", 1, "y2"]
      ],
      "outer": [
      ]
    },
    "STONE": {
      "inner": [
        [1, "y1", 0.96875, "y1"],
        [0.96875, "y1", 0.96875, "y2"],
        [0.96875, "y2", 1, "y2"]
      ],
      "outer": [
      ]
    },
    "METAL": {
      "inner": [
        [1, "y1", 0.90625, "y1"],
        [0.90625, "y1", 0.90625, "y2"],
        [0.90625, "y2", 1, "y2"]
      ],
      "outer": [
      ]
    }
  },
  "DOWN": {
    "WOOD": {
      "inner": [
        ["x1", 0, "x1", 0.5],
        ["x1", 0.5, "x2", 0.5],
        ["x2", 0.5, "x2", 0]
      ],
      "outer": [
        ["x1", 0.5, "x1", 0],
        ["x2", 0, "x2", 0.5]
      ]
    },
    "STONE": {
      "inner": [
        ["x1", 0, "x1", 0.5],
        ["x1", 0.5, "x2", 0.5],
        ["x2", 0.5, "x2", 0]
      ],
      "outer": [
        ["x1", 0.5, "x1", 0],
        ["x2", 0, "x2", 0.5]
      ]
    },
    "METAL": {
      "inner": [
        ["x1", 0, "x1", 0.5],
        ["x1", 0.5, "x2", 0.5],
        ["x2", 0.5, "x2", 0]
      ],
      "outer": [
        ["x1", 0.5, "x1", 0],
        ["x2", 0, "x2", 0.5]
      ]
    }
  }
}