{
  "SINGLE" : {
    "NORTH_SOUTH" : {
      "outer" : [ ],
      "inner" : [ [ 0.5, 0.40625, 0.5, 0.78125 ], [ 0.5, 0.78125, 0.5, 0.40625 ] ]
    },
    "EAST_WEST" : {
      "outer" : [ [ 0, 0.890625, 1, 0.890625 ], [ 1, 0.890625, 0, 0.890625 ] ],
      "inner" : [ [ 0, 0.890625, 1, 0.890625 ], [ 1, 0.890625, 0, 0.890625 ] ]
    }
  }
}