{
  "SINGLE" : {
    "NORTH_SOUTH" : {
      "WOOD" : {
        "outer" : [ ],
        "inner" : [ [ "x1", 0.5, "x1", 1 ], [ "x1", 1, "x1", 1.59375 ], [ "x2", 1.59375, "x2", 1 ], [ "x2", 1, "x2", 0.5 ] ]
      },
      "METAL" : {
        "outer" : [ ],
        "inner" : [ [ "x1", 0.5, "x1", 1 ], [ "x1", 1, "x1", 1.59375 ], [ "x2", 1.59375, "x2", 1 ], [ "x2", 1, "x2", 0.5 ] ]
      },
      "STONE" : {
        "outer" : [ ],
        "inner" : [ [ "x1", 0.5, "x1", 1 ], [ "x1", 1, "x1", 1.59375 ], [ "x2", 1.59375, "x2", 1 ], [ "x2", 1, "x2", 0.5 ] ]
      }
    },
    "EAST_WEST" : {
      "WOOD" : {
        "outer" : [ ],
        "inner" : [ [ 0.03125, 0.890625, 0.96875, 0.890625 ], [ 0.96875, 0.890625, 0.03125, 0.890625 ] ]
      },
      "METAL" : {
        "outer" : [ ],
        "inner" : [ [ 0.09375, "y2", 0.90625, "y2" ], [ 0.90625, "y2", 0.09375, "y2" ] ]
      },
      "STONE" : {
        "outer" : [ ],
        "inner" : [ [ 0.03125, 0.890625, 0.96875, 0.890625 ], [ 0.96875, 0.890625, 0.03125, 0.890625 ] ]
      }
    }
  }
}