{
  "SINGLE" : {
    "NORTH_SOUTH" : {
      "outer" : [ ],
      "inner" : [ [ "x1", 0, "x1", 0.40625 ], [ "x1", 0.40625, 0.5, 0.40625 ], [ 0.5, 0.40625, "x2", 0.40625 ], [ "x2", 0.40625, "x2", 0 ], [ 0.5, 0.78125, 0.5, 1.59375 ], [ 0.5, 1.59375, 0.5, 0.78125 ] ]
    },
    "EAST_WEST" : {
      "outer" : [ [ 0, "y1", 0, 0.890625 ], [ 0, 0.890625, 0, "y2" ], [ 1, "y1", 1, 0.890625 ], [ 1, 0.890625, 1, "y2" ] ],
      "inner" : [ [ 0, "y1", 0, 0.890625 ], [ 0, 0.890625, 0, "y2" ], [ 1, "y1", 1, 0.890625 ], [ 1, 0.890625, 1, "y2" ] ]
    }
  }
}