{
  "DOWN" : {
    "WOOD" : {
      "outer" : [ [ "x1", 0.5, "x1", 0 ], [ "x2", 0, "x2", 0.5 ] ],
      "inner" : [ [ "x1", 0, "x1", 0.5 ], [ "x1", 0.5, "x2", 0.5 ], [ "x2", 0.5, "x2", 0 ] ]
    },
    "METAL" : {
      "outer" : [ [ "x1", 0.5, "x1", 0 ], [ "x2", 0, "x2", 0.5 ] ],
      "inner" : [ [ "x1", 0, "x1", 0.5 ], [ "x1", 0.5, "x2", 0.5 ], [ "x2", 0.5, "x2", 0 ] ]
    },
    "STONE" : {
      "outer" : [ [ "x1", 0.5, "x1", 0 ], [ "x2", 0, "x2", 0.5 ] ],
      "inner" : [ [ "x1", 0, "x1", 0.5 ], [ "x1", 0.5, "x2", 0.5 ], [ "x2", 0.5, "x2", 0 ] ]
    }
  },
  "LEFT" : {
    "WOOD" : {
      "outer" : [ ],
      "inner" : [ [ 0, "y2", 0.03125, "y2" ], [ 0.03125, "y2", 0.03125, 0.890625 ], [ 0.03125, 0.890625, 0.03125, "y1" ], [ 0.03125, "y1", 0, "y1" ] ]
    },
    "METAL" : {
      "outer" : [ ],
      "inner" : [ [ 0, "y2", 0.09375, "y2" ], [ 0.09375, "y2", 0.09375, "y1" ], [ 0.09375, "y1", 0, "y1" ] ]
    },
    "STONE" : {
      "outer" : [ ],
      "inner" : [ [ 0, "y2", 0.03125, "y2" ], [ 0.03125, "y2", 0.03125, 0.890625 ], [ 0.03125, 0.890625, 0.03125, "y1" ], [ 0.03125, "y1", 0, "y1" ] ]
    }
  },
  "RIGHT" : {
    "WOOD" : {
      "outer" : [ ],
      "inner" : [ [ 1, "y1", 0.96875, "y1" ], [ 0.96875, "y1", 0.96875, "y2" ], [ 0.96875, "y2", 1, "y2" ] ]
    },
    "METAL" : {
      "outer" : [ ],
      "inner" : [ [ 1, "y1", 0.90625, "y1" ], [ 0.90625, "y1", 0.90625, "y2" ], [ 0.90625, "y2", 1, "y2" ] ]
    },
    "STONE" : {
      "outer" : [ ],
      "inner" : [ [ 1, "y1", 0.96875, "y1" ], [ 0.96875, "y1", 0.96875, "y2" ], [ 0.96875, "y2", 1, "y2" ] ]
    }
  }
}